{"options":{"validator":{"$jsonSchema":{"bsonType":"object","required":["idAsiento","vueloId","clase","estado"],"properties":{"idAsiento":{"bsonType":"int"},"vueloId":{"bsonType":"int"},"numeroAsiento":{"bsonType":"string"},"clase":{"bsonType":"string","enum":["Turistica","Ejecutiva"]},"estado":{"bsonType":"string","enum":["Devolucion","Vendido","Reservado","Libre"]},"ultimaActualizacion":{"bsonType":["long","int","double"]},"vectorClock":{"bsonType":"object"}}}},"validationLevel":"moderate","validationAction":"error"},"indexes":[{"v":{"$numberInt":"2"},"key":{"_id":{"$numberInt":"1"}},"name":"_id_"}],"uuid":"cff1ccae60654845b19521c245e12b5e","collectionName":"asientos","type":"collection"}