{"options":{"validator":{"$jsonSchema":{"bsonType":"object","required":["IdAsiento","EstadoAnterior","EstadoNuevo"],"properties":{"IdHistorial":{"bsonType":"int"},"IdAsiento":{"bsonType":"int"},"EstadoAnterior":{"bsonType":"string"},"EstadoNuevo":{"bsonType":"string"},"EpochCambio":{"bsonType":"long"},"NodoOrigen":{"bsonType":"int"}}}},"validationLevel":"strict","validationAction":"error"},"indexes":[{"v":{"$numberInt":"2"},"key":{"_id":{"$numberInt":"1"}},"name":"_id_"}],"uuid":"8eb6fbd5ecbe4e58a35ca0c8f7594450","collectionName":"historial_asientos","type":"collection"}