{"options":{"validator":{"$jsonSchema":{"bsonType":"object","required":["IdNave","Matricula"],"properties":{"IdNave":{"bsonType":"int"},"Tipo":{"bsonType":"string"},"CapacidadEjecutiva":{"bsonType":"int"},"CapacidadTuristica":{"bsonType":"int"},"Matricula":{"bsonType":"string"},"UltimoVuelo":{"bsonType":"long"},"HorasVueloTotal":{"bsonType":"double"},"CiclosVuelo":{"bsonType":"int"},"DistanciaTotal":{"bsonType":"double"}}}},"validationLevel":"strict","validationAction":"error"},"indexes":[{"v":{"$numberInt":"2"},"key":{"_id":{"$numberInt":"1"}},"name":"_id_"}],"uuid":"9766115c14924d9eb5d5e25e0d1a9b18","collectionName":"naves","type":"collection"}