{"options":{"validator":{"$jsonSchema":{"bsonType":"object","required":["IdTransaccion","IdAsiento","Operacion"],"properties":{"IdTransaccion":{"bsonType":"int"},"IdAsiento":{"bsonType":"int"},"Pasaporte":{"bsonType":"int"},"Operacion":{"bsonType":"string","enum":["Devolucion","Anulacion","Venta","Reserva"]},"FechaOperacion":{"bsonType":"long"},"OrigenTransaccion":{"bsonType":"string"},"VectorClock":{"bsonType":"object"},"ServidorConectado":{"bsonType":"int"}}}},"validationLevel":"moderate","validationAction":"error"},"indexes":[{"v":{"$numberInt":"2"},"key":{"_id":{"$numberInt":"1"}},"name":"_id_"}],"uuid":"4b514fde7db849d3a520f96e49962cfb","collectionName":"transacciones","type":"collection"}