{"options":{"validator":{"$jsonSchema":{"bsonType":"object","required":["IdVuelo","CodigoVuelo"],"properties":{"IdVuelo":{"bsonType":"int"},"FechaHoraSalida":{"bsonType":"long"},"IdRuta":{"bsonType":"int"},"IdNave":{"bsonType":"int"},"CodigoVuelo":{"bsonType":"string"},"EsInternacional":{"bsonType":"bool"},"FechaHoraLlegada":{"bsonType":"long"}}}},"validationLevel":"moderate","validationAction":"error"},"indexes":[{"v":{"$numberInt":"2"},"key":{"_id":{"$numberInt":"1"}},"name":"_id_"}],"uuid":"606cf2986d4c4c5e84ce9f38c3b424f6","collectionName":"vuelos","type":"collection"}